<?xml version="1.0" encoding="UTF-8"?>
<beans xmlns="http://www.springframework.org/schema/beans"
       xmlns:xsi="http://www.w3.org/2001/XMLSchema-instance"
       xsi:schemaLocation="http://www.springframework.org/schema/beans
           http://www.springframework.org/schema/beans/spring-beans.xsd">

  <!-- more bean definitions go here -->
  
  <!--  Dependnet Bean cfg -->
  <bean id="dt" class="java.util.Date"/>
  
  <!-- Main Bean cfg -->
   <bean id="wish" class="com.nt.beans.WishMessageGenerator">
   <property name="date" ref="dt"></property>
  </bean>
   
 <bean id="wish1" class="com.nt.beans.WishMessageGenerator">
   <property name="date" ref="dt"></property>
  </bean>
  
</beans>